"","region_1","zonation"
"Mrpl15",1.242453324894,0.0416335683903594
"Lypla1",0.967800252726973,0.00512864421247363
"Adhfe1",1.09550665866847,0.225429502830044
"Cops5",1.07937202838408,0.0214870777948788
"Lactb2",1.29823921272255,0
"Rpl7",2.80710957085374,0.120732021190895
"Eloc",1.29823921272255,-0.0124124206137542
"Gsta3",2.27823700649188,1.35609141974246
"Cox5b",3.2800703028,-2.96151905937946e-05
"Mrpl30",1.58902691517397,0.00384603516845714
"Rpl31",2.65833807900781,0.0297144832769295
"Hspd1",2.3958205720947,0.0716506633408056
"Hspe1",3.61116096993182,-0.00432468186016664
"Aox3",2.85830817401524,-0.545671543866161
"Ndufb3",2.40355104967934,-0.00884074229985431
"Ndufs1",1.06916652975401,-0.000121456109931454
"Eef1b2",2.7024521883432,-0.247847486059358
"Idh1",2.02083215219659,0.000117676156248631
"Acadl",1.42594561866405,1.23352387498293
"Cps1",3.97085727225704,-0.950340557551911
"Fn1",3.15444207584724,-0.00741388502721561
"Pecr",2.037616977906,-0.00709094752476916
"Rpl37a",2.73485656166904,0.233592527869018
"Igfbp2",2.7569418969882,-0.165079931223846
"Arpc2",0.922219863528484,0.183710733321848
"Aamp",1.6094379124341,-0.0238177336571097
"Pnkd",1.57289228488958,-0.0157211533068957
"Cyp27a1",1.55564406701784,0.165132634269323
"Retreg2",1.46448328862086,-0.0285968326111784
"Stk16",1.40869740079231,-0.0113123649555701
"Tuba4a",1.3540251005511,0.388002357221536
"Ptma",2.1049502113519,0.022528486024319
"Eif4e2",1.03972077083992,0.156039066433739
"Spp2",1.57289228488958,0.353177108503337
"Hes6",1.63777008376085,0
"Ndufa10",1.9073724790985,-0.111501173031195
"Cops9",2.6045414364044,0
"Agxt",2.36036302323489,-0.135564258460661
"Hdlbp",1.97929299721144,0.00186063246458316
"Tmem37",1.52731189569109,0.108711944624457
"Dbi",5.01559938265824,0.00812037608486572
"Insig2",2.16073609918045,-0.0637620374978281
"C4bp",2.2873289175346,0.463387736521767
"Pigr",2.97597147171888,-3.09480753286811
"Etnk2",1.81809959814251,0
"Snrpe",1.14108704786696,0
"Tmem183a",1.34381960192104,0.0156487388502376
"Adipor1",1.17962471782377,-0.0108490325493801
"F13b",0.866433975699932,0.0579104553216353
"Cfhr1",1.26879345380846,0.0102110854741856
"Gm4788",1.26879345380846,-0.255175392645801
"Cfhr2",2.75755031782878,-0.022862555951281
"Cfh",2.54978444865927,-0.080346637214595
"Glul",0.346573590279973,5.6441762693849
"Qsox1",2.4470191752562,-0.0226806164028167
"Mrps14",1.64481280300253,-0.00171056524975675
"Serpinc1",3.7264843593471,-0.00226238609470404
"Prdx6",3.03012868929213,0.00994090351549251
"Fmo1",0.794513457586986,2.67694732858052
"F5",1.64481280300253,-0.00480122654972924
"Mpc2",2.88121350895888,0.212120065428932
"Creg1",2.47153447855025,0.999791204628049
"Tmco1",1.42594561866405,0.0634019472531978
"Aldh9a1",1.85663726809933,-0.000590628033160435
"Sdhc",1.14108704786696,0.0915825768768365
"Nr1i3",0.346573590279973,5.81750613187737
"Apoa2",6.71955446725546,0.915656926519713
"Ndufs2",2.15511788521743,0.0240471081518228
"Ufc1",1.72893086215783,0
"Nit1",0.794513457586986,0.0863565469500641
"Copa",1.3701597308355,0.000962364578054544
"Pex19",0.621226662447,0.392251055316383
"Crp",1.88046481305041,0.248926512519066
"Apcs",1.72693881974553,0.00490508972975321
"Fh1",2.09790749211022,-0.00539568734255967
"Kmo",1.55365202460555,0.00304040777213996
"Cox20",1.78471674998638,-0.029121876125283
"Hnrnpu",1.29823921272255,0
"Coq8a",1.15129254649702,0.302046367031665
"Psen2",2.30733959445299,-0.0163208126030401
"H3f3a",1.71279623187344,0
"Ephx1",1.47152600786254,1.04534175055867
"Srp9",2.19411894733658,0.0280766200027756
"Degs1",1.4542777899908,0
"Marc1",2.56701530481705,0.000283521462766474
"Marc2",2.58495128103176,0.0471617636028187
"Nenf",1.47152600786254,-0.00753120344883318
"Ppp2r5a",1.28099099485081,0.00312299882854984
"Lpgat1",0.967800252726973,0
"Hsd11b1",3.17274122181741,-1.07551318071658
"G0s2",1.71673332111547,-0.150531903529419
"Phyh",4.16460157195893,0.366912862834082
"Mcm10",1.09861228866811,-0.0214585829730523
"Atp5c1",2.76528079541342,-0.0479185056373658
"Itih2",2.6126130557295,-0.143911003631916
"Commd3",1.47152600786254,-0.00782027188923602
"Acbd5",0.967800252726973,0.0710872952017993
"Pnpla7",2.15511788521743,0
"Nsmf",0.967800252726973,0.0527276287183111
"Entpd8",1.15129254649702,0
"Tubb4b",1.17053280678105,0.0511238769490843
"C8g",3.4782645581772,-0.0471386646342303
"Edf1",2.75099119195344,0
"Fcna",1.54344652597548,-0.0379836063601593
"Agpat2",2.41375654830941,0.0718709479228972
"Rpl7a",3.06252238273674,-0.00967033706749577
"Surf4",1.70059869083108,-0.234239171472763
"Sardh",2.66793555139572,-0.0502015438382575
"Rxra",1.31437384300695,0.0684923089533035
"Endog",0.997246011641069,0.0044016500839868
"Kyat1",1.17053280678105,-0.00587931711297288
"Tor1a",1.25265882352406,0.00764912451444358
"Ass1",3.62625101800156,-0.91235634984133
"Swi5",2.47786393054633,0
"1110008P14Rik",1.38629436111989,-0.0088555756383183
"Rpl12",2.83994357136901,-0.228004337510026
"Hspa5",2.70693661351486,-0.0247123469273892
"Hc",2.98816901276124,-1.60127106377013
"AI182371",2.49787460746471,-0.894897460384069
"Rab14",0.967800252726973,0.0204883694081
"Ndufa8",2.02083215219659,-0.0148567374585726
"Psmb7",1.33677688267937,0.0730265064165043
"Rpl35",2.51520828081498,0.0255447817627071
"Arpc5l",0.934417404570842,0.114648813133152
"Kynu",1.58902691517397,-1.55996427529759
"Upp2",1.96504626436804,-0.0483608684700974
"Cd302",2.62730581902128,0.266137628078836
"Abcb11",2.24174852833611,0.0005133729050244
"Gorasp2",1.12495241758257,-0.0034486584763045
"Rapgef4",0.922219863528484,0.28859105233663
"Atp5g3",2.58627292681504,-0.000174472515355581
"Mtx2",0.519860385419959,0.489915642559406
"Hnrnpa3",0.997246011641069,0
"Serping1",2.6076450371915,0.031852026929044
"Mtch2",2.23473131799707,-0.0215889315357973
"Ndufs3",2.23969933653507,0
"Psmc3",0.895879734614027,0
"Nr1h3",1.22631869460961,0.308009275658468
"Arfgap2",0.722592939474041,1.37484166156169
"F2",3.69154198333553,-0.00087635448710286
"Pex16",0.850299345415539,0.470339136402104
"Hsd17b12",1.77251920894402,0.000471312038384969
"Cat",4.3542762857869,-0.0783406046566164
"Cd59a",0.997246011641069,-0.00647771322479635
"Eif3m",1.25265882352406,0
"Bbox1",1.62756458513079,-0.380159642588189
"Nop10",2.59647842544511,-0.0586582009189864
"Emc4",1.242453324894,-0.00376632266921321
"Emc7",1.69039319220101,-0.0126291280298948
"Srp14",1.39960548974959,0.113411899201682
"Ivd",1.19687293569551,0.481588438551074
"Gchfr",2.60699484176648,0.00285820721777139
"Chp1",2.02992406323931,0.00246684921719464
"Pdia3",1.76231371031396,-0.00152947811086335
"Serf2",3.19979461797747,0.144475093091128
"Hypk",1.09550665866847,-0.00556036299434649
"B2m",3.75641247749819,-0.00468745712791402
"Sord",3.04936894957616,0.987666445741904
"Slc27a2",3.27289355464611,0.0312170034179806
"Stard7",0.997246011641069,-0.00187113304837501
"Snrpb",1.03972077083992,-0.0277705998403644
"Idh3b",1.99654121508318,-0.156276199364228
"Ddrgk1",1.51006367781935,0
"Hao1",1.90221765729781,0.0717572292017736
"Dstn",1.44208024894844,0
"Rrbp1",2.39770737350354,-0.38245814773976
"Smim26",1.17053280678105,0.00164074875436013
"Cst3",2.24879124757779,-0.127958926239315
"Fkbp1a",1.26879345380846,0.0228898018937325
"H13",1.39398727578658,0
"Pxmp4",1.74617908002957,0
"Eif2s2",1.19687293569551,-0.0815522191196798
"Ahcy",2.10184458135226,0.536064081263052
"Dynlrb1",1.91242315592788,0.00081087193052349
"Map1lc3a",0.794513457586986,1.33787431743598
"Trp53inp2",1.242453324894,0
"Acss2",0.895879734614027,-0.00457977870801166
"Ergic3",1.62756458513079,-0.0525032132313189
"Romo1",2.06641254139508,0.00230143593134256
"Scand1",0.519860385419959,0.875068224287859
"1110008F13Rik",1.52731189569109,0.180403834084749
"Rpn2",1.15129254649702,0.0373117528719842
"Hnf4a",0.895879734614027,0.23396199622379
"Serinc3",1.44208024894844,0
"Sdc4",1.51006367781935,0.0332889425691976
"Sys1",1.17053280678105,0.00323207535967742
"Ctsa",1.14108704786696,8.58263697704997e-05
"Cebpb",1.80085138027077,-0.0610069388596085
"Fam210b",0.967800252726973,0.398087417314058
"Pck1",3.89792062596265,-1.45382194285373
"Gnas",2.55747736332596,0.0092772800899798
"Ctsz",2.20851141029195,-0.0315101741144776
"Atp5e",3.59908493557472,0.00693078279074292
"Psma7",1.58902691517397,0
"Rps21",3.37473376546438,0.0523415841488813
"Ppdpf",2.27823700649188,-0.000171273816402679
"Timm17b",1.26879345380846,-0.00374079284784727
"Ebp",1.44208024894844,0.232322941029004
"Otc",2.62629428065181,-1.13320151198766
"Rgn",2.13129034026635,1.79847476453467
"Ndufb11",2.96314814812199,-0.0135505252099286
"Uba1",0.895879734614027,-0.18664860801843
"Pgrmc1",3.08867703616733,0.163227231400016
"Slc25a5",3.26844029889128,-0.838716750101892
"Rpl39",2.99806510541121,0.00205379683786684
"Ndufa1",2.46141163821157,-0.0134745289882217
"Lamp2",2.44140096129319,0.0849982625442285
"F9",1.14108704786696,-0.178756399270729
"Bcap31",1.12495241758257,0
"Ssr4",2.62281855435956,0.00174175898795224
"Rpl10",2.78884110356728,0.00469133067004153
"Gjb1",2.52455790733216,0.356428383296699
"Pin4",1.46448328862086,0
"Rps4x",3.63546062083881,0.0103396392674225
"Cox7b",3.28788343867603,-0.206179200630822
"Pgk1",2.46877201950361,-0.00116839538437398
"Timm8a1",1.26879345380846,0.699973106245594
"Rpl36a",2.6020033435384,0.22736537093507
"Morf4l2",1.02358614055553,0.00404133364138761
"Hsd17b10",1.55958115625988,0.153853341645892
"Prdx4",1.61536704408843,-0.114807255233681
"Pdha1",0.693147180559945,0.0732244020839625
"Rab9",1.12495241758257,-0.0217692951030006
"Tmsb4x",2.39961396043731,-0.284371966519659
"Mrps28",1.19687293569551,0.00752285899664158
"Fabp5",2.86707092108678,0.395461984931771
"1810022K09Rik",1.2130075659799,0.0426134373202327
"Car3",3.50113240905149,0.90578617937779
"Cyp7b1",1.99907930794919,0.851591954507404
"Cp",2.23969933653507,-0.115388890818617
"Slc2a2",1.56584956564791,0.0194299535148503
"Rpl22l1",2.47934761442628,-0.236132164798018
"Sec62",1.14108704786696,0.255422194218792
"Ndufb5",2.48316448245898,-0.496807020433548
"Dnajc19",2.22703840333038,-0.0139807171136809
"Ndufc1",2.96687956067616,-0.017122082892246
"Ufm1",1.38036522946556,0
"Rnf13",1.242453324894,0.0475457584880824
"Serp1",1.95601150271407,-0.0296138577120334
"Selenot",1.38629436111989,-0.415138713354083
"Aadac",2.87297652443654,0.00201397628319576
"Ssr3",1.20907047673787,0.00361312453709422
"Rarres1",1.20907047673787,0.724610043686922
"Mfsd1",0.967800252726973,0.182540837672125
"Etfdh",1.3701597308355,0.646056665866948
"Tdo2",3.8444566684324,-0.259885916317924
"Fgg",4.51499342048506,-0.47332002816463
"Fga",4.49833413103643,-0.725236956900441
"Fgb",4.96810273946558,-0.790353182924967
"Rps3a1",3.80372125015488,-0.052544692293284
"Cd1d1",1.76746853211464,0.0260670614397715
"Cd5l",0.967800252726973,0.00074054512001368
"Mrpl24",1.40869740079231,0
"Naxe",0.693147180559945,0.742266131612029
"Lamtor2",1.68335047295934,0.672637556669766
"Ssr2",1.19687293569551,0.02481367938757
"Fdps",1.77251920894402,3.02726247592323e-05
"Krtcap2",1.85663726809933,0.00908412649297906
"Dpm3",1.42594561866405,0.0367542169039553
"Pmvk",0.866433975699932,-0.000327535933130583
"Rps27",2.5140092377491,0
"Jtb",1.02358614055553,0.226365890570202
"S100a1",2.25266729421178,-0.00259879510229561
"S100a13",1.242453324894,0
"S100a10",2.13336504097003,0
"Selenbp2",3.90876020603442,-0.109531490539214
"Psmb4",1.84192714309359,0.0894682285084637
"Selenbp1",1.99907930794919,-0.000160087281651977
"Psmd4",1.25265882352406,0.0961737673462072
"Mindy1",0.967800252726973,0.0075018779249804
"Cers2",1.78272470757409,0.000692182949829388
"Ecm1",1.76231371031396,0.144315153801072
"Mrps21",2.40355104967934,-0.000477766232227476
"Bola1",0.997246011641069,0.00482950857751137
"Hfe2",1.41574012003399,0.0898945735467147
"Fmo5",1.69498047686806,0.199975397520082
"Hmgcs2",3.96807230643494,0.149902850050854
"Hsd3b5",1.34381960192104,1.06537608109371
"Hsd3b3",1.55564406701784,-0.037169515823849
"Atp1a1",1.69498047686806,-0.0116825683385061
"Csde1",1.06916652975401,-0.00612290821937636
"Atp5f1",3.14467098219181,0.0502050643999909
"Lamtor5",1.67115293191698,-0.0930911886405714
"Gstm1",2.77394307926672,1.45647925429717
"Psma5",0.895879734614027,0.0509017058919745
"Amy1",0.895879734614027,0.676037790864775
"Dpyd",1.69039319220101,-0.0864899155378662
"Tmem56",1.17962471782377,0.0787190979462468
"Cnn3",0.967800252726973,0.208788275388868
"Abcd3",2.19870623200363,0.166279899715336
"Gclm",2.0755044524378,-0.110540977376757
"Fabp2",2.20851141029195,0.0200898438106137
"1810037I17Rik",0.823959216501082,1.04514534429812
"Cfi",2.8244375208263,-0.492790004479485
"Ostc",1.3701597308355,0
"Rpl34",3.43620119793474,0.0162775459548871
"Hadh",2.2032108583793,0.00589632583197791
"Ube2d3",1.66094743328692,0.126047865998574
"H2afz",1.78471674998638,-0.0240164446743955
"Mttp",1.39960548974959,0.0301319892358239
"Adh1",3.16206383414338,0.573230113786538
"Adh5",2.03696678248099,0.0989911081094855
"Kyat3",1.97929299721144,-0.0370295682654719
"Selenof",1.5819841959323,0.0073983623466274
"Ddah1",1.47152600786254,-0.00198751632927356
"Gng5",2.94680457507575,-0.000305618996339254
"Uox",4.04132113344019,-1.11660391647571
"Rabggtb",0.967800252726973,0.136996214555703
"Acadm",1.71673332111547,0.708394657863786
"Cth",2.119092799224,-0.0091256994496147
"Rps20",4.09386493576644,-0.00398892067900172
"Chchd7",1.54344652597548,-0.102345020002564
"Gm11808",0.693147180559945,0.039667039446326
"Rab2a",1.497866136777,-0.0934302572371356
"Decr1",2.03696678248099,0.0346694525967878
"Ttpa",1.66159762871193,0.010069857272709
"Aco1",1.23541060565233,0.175448975630269
"Ndufb6",2.40594341243338,-0.0426129872379932
"Dnaja1",1.66864034795361,0.179362300407137
"Bag1",1.34381960192104,0
"Chmp5",1.09550665866847,0
"Ube2r2",1.44208024894844,0.00168541028661425
"Enho",1.64996762480321,-0.20938931085484
"Dctn3",1.67425856191662,-0.252717417220288
"Sigmar1",0.80471895621705,0.077472828894533
"Vcp",1.5819841959323,0.183171663318877
"Stoml2",1.14108704786696,0.003126739789115
"Ccdc107",1.19687293569551,0.877986989537017
"Hint2",2.36948044318024,0.0134285659033738
"Clta",2.01267584536757,-0.0636208982236082
"Gne",1.3701597308355,0
"Grhpr",2.51893969336915,0.376759621619542
"Tomm5",1.89067031168047,-0.168291321702808
"Sec61b",2.80824335964509,-0.0614786874106014
"Baat",1.75527099107229,-2.21169600901887e-05
"Aldob",4.6896274078338,-1.01025106299958
"Nipsnap3b",0.997246011641069,0.270179833856542
"Rad23b",1.47152600786254,-0.518955267329744
"Txn1",1.85663726809933,0.0168680991797328
"Mup7",4.33412889775779,0.237559310170777
"Mup9",0.621226662447,5.66281432920835
"Mup1",3.80443531459563,-0.00354485180259452
"Mup11",5.51099841717733,0.488576731017163
"Mup12",1.73286795139986,-0.000975806843496768
"Mup14",2.19237678000756,0.00863107347039718
"Mup16",2.73638237242896,0.466275998158411
"Mup17",3.52441936243199,1.9788491711456
"Mup18",1.56584956564791,0.130570499832955
"Mup20",6.65528826299109,-0.73915495328305
"Mup3",6.55532195068716,-0.801617851703353
"Mup21",2.90727680481491,-1.09972169273033
"Slc31a1",1.14108704786696,0
"Alad",0.866433975699932,0.823032763615606
"Ambp",3.96823694259499,-0.012271506290504
"Orm1",4.29778557651603,-0.605160551903696
"Atp6v1g1",1.28099099485081,-0.0823345811898466
"Plin2",2.87001791002479,-0.00449598491680213
"Rps6",2.40355104967934,-0.00089432068846159
"Fggy",1.02358614055553,0.0330408424899809
"Cyp2j5",2.32182535327808,0
"Angptl3",1.93625070087896,-0.124760284772362
"Pgm2",1.41574012003399,0.037013937984938
"C8b",2.7635386280844,-0.276753650663268
"C8a",2.43932626058951,-0.176323542400924
"Plpp3",0.967800252726973,0.267812377433539
"Dhcr24",2.1634985582271,0.00762320542665212
"Tmem59",1.93625070087896,0.0343495278741326
"Dio1",2.21794649228766,0.00170110028572517
"Cpt2",1.78232438723234,0.0305027105666126
"Scp2",4.70562450837994,0
"Echdc2",1.42594561866405,0.473970724219359
"Osbpl9",0.693147180559945,0.515738352473962
"Rnf11",1.3701597308355,-1.01500303461344
"Cyp4a12a",1.3540251005511,1.16400723925235
"Cyp4a14",1.8257925128092,1.38160154569761
"Cyp4a10",2.34072244260912,1.32365332786809
"Uqcrh",3.26759482954447,-0.0731787052980673
"Akr1a1",2.61537551477614,0.330451001726115
"Prdx1",4.26512841827439,0.621041476184
"Rps8",4.13957516980327,0
"Atp6v0b",1.72693881974553,0
"Ptprf",1.25265882352406,-0.00187818616555174
"Ybx1",1.62756458513079,0.00276992368709414
"Ndufs5",2.40890202684513,0.0541668464097837
"Mrps15",1.43814315970641,-0.143610191785837
"Psmb2",1.59923241380404,0.0144549007432154
"Ak2",2.24428662120212,-0.00225659906334879
"Zbtb8os",1.19687293569551,0.0471584697754863
"Eif3i",1.497866136777,-0.0414460590385407
"Tmem234",0.693147180559945,1.24270800878419
"Atpif1",1.02358614055553,0
"Mtfr1l",1.02358614055553,0.045578503822021
"Tmem50a",1.47152600786254,-0.137778207990962
"Rsrp1",0.967800252726973,0.0155248985403042
"Hmgcl",1.19687293569551,0.866637611597016
"Rpl11",3.78052803754373,0.473601393915095
"Id3",1.26879345380846,0.160360310157986
"C1qb",1.66864034795361,-0.143728142963632
"C1qc",1.15129254649702,0.00693649889470779
"C1qa",1.17053280678105,-0.258235411367843
"Cdc42",1.48766063814693,-0.0508763484064488
"Ece1",1.42089494183467,0.0186057393401663
"Ddost",0.95166562244258,-0.00801893742392922
"Pink1",1.2718990838081,0.0028536963475596
"Minos1",2.69707190432973,-0.0147802806719958
"Capzb",1.44208024894844,-0.342944959274629
"Akr7a5",1.65701034404488,0.0143844370842904
"Aldh4a1",1.70059869083108,0.198937225469064
"Sdhb",2.34518950606683,-0.0812722815193398
"Ddi2",1.44518587894808,0.00471560246686758
"Agmat",1.57289228488958,0.00603279324481396
"Dhrs3",1.89002011625546,-0.591745532902442
"Masp2",2.25660438345381,-0.0294906625372746
"H6pd",1.72893086215783,0.00128694037293622
"Eno1",2.10888730059393,-2.06216632009095
"Errfi1",2.54069253761655,-0.569930254485441
"Park7",2.47786393054633,0
"Rpl22",3.41747664602637,0
"Rer1",1.65701034404488,0.0817120423931484
"Nadk",1.26879345380846,-0.000348305878962027
"Ssu72",1.44518587894808,0.0165546258252536
"Mrpl20",1.99654121508318,0
"Aurkaip1",1.54344652597548,0
"Sdf4",1.02358614055553,0
"Isg15",0.922219863528484,0.364191735297801
"Cyp51",1.51710639706103,-0.0634372053528008
"Abcb4",1.29823921272255,0.499368782577018
"Crot",2.39374587139102,0.443394601482662
"Pmpcb",1.47152600786254,0.0307095774595004
"Psmc2",0.895879734614027,0.00203007090142401
"Tomm7",2.19870623200363,0.0111022041558903
"Insig1",1.51710639706103,-0.000149184179975129
"Hadha",1.89002011625546,0.369805286978292
"Hadhb",1.80085138027077,0.0122545818783256
"Ost4",2.32071176569073,-0.0120255728578541
"Khk",2.63262373264788,-0.134053830571349
"Preb",1.12495241758257,-0.0393376270003466
"Atraid",1.33677688267937,0.13448715494599
"Gckr",1.19687293569551,0.00559857898829835
"Mrpl33",1.51006367781935,0.374222524382258
"Hgfac",1.56584956564791,-0.74342446613169
"Grpel1",2.41298613167505,0.0065946999967269
"Mrfap1",1.98434367404082,-0.740854304999257
"Qdpr",2.73867342970174,-0.00220396390527669
"Lap3",1.85663726809933,0
"Smim20",1.02358614055553,-0.0176653758806245
"Rpl9",3.57041324809558,0.0160956978384506
"Ugdh",1.41574012003399,0
"Smim14",1.02358614055553,-0.139971719881534
"Ociad1",1.15129254649702,-0.0632007448086271
"Paics",2.2032108583793,-0.335803154861524
"Hopx",1.64481280300253,0.149373591367388
"Igfbp7",1.9913863932825,0.0388230228781637
"Ugt2b34",0.850299345415539,1.78687837704019
"Ugt2b1",1.4542777899908,1.04487614072205
"Ugt2b35",1.19687293569551,0.715447191559038
"Ugt2b36",2.55747736332596,0.453483014387644
"Ugt2b5",3.28146929917603,-0.00191583649029616
"Ugt2a3",2.00358393432486,0
"Gc",4.69071330794984,-0.358562983704664
"Alb",7.17925539505861,-1.05065429093016
"Afm",0.934417404570842,0.00151453746789368
"Scarb2",1.07937202838408,0.18387260280252
"Mrps18c",1.44208024894844,0
"Hsd17b13",3.14686590410483,-3.01152639154555
"Rpl5",2.70781799453037,0
"Atp5k",2.85457676146108,-0.0242538606011163
"Slc26a1",0.895879734614027,0
"Pxmp2",2.2345016441178,-0.0452511991173349
"Iscu",2.30457713540634,-0.009196594197644
"Acads",1.94580600408401,0.0794466813109156
"Pop5",1.242453324894,-0.00230260901971492
"Dynll1",1.17053280678105,0.113940474334421
"Cox6a1",3.28826775850575,-0.0489352170333684
"Rplp0",3.04287030019014,-0.000233184815432846
"Hspb8",1.17053280678105,0.000828265420518362
"Suds3",0.794513457586986,0.000986795360130674
"Pebp1",1.89517493805614,0.0410137821865935
"Sds",2.51788528438309,-2.55857454191787
"Rpl6",3.46343269269599,0
"Erp29",1.10770419971083,0.00145515713790538
"Aldh2",3.513937976336,1.21897977967898
"Brap",1.59923241380404,0.0312626115429833
"Vps29",0.978005751357036,0
"Arpc3",1.47152600786254,-0.0874734698373048
"Atp2a2",0.850299345415539,0.0299082443363058
"Hpd",3.48225712776832,1.08808234859323
"Tmed2",1.91900248300722,-0.042313304582383
"Scarb1",0.922219863528484,0.556187437193399
"Ubc",3.07009086452761,0
"Ran",1.42594561866405,0.236441281106091
"Mrps17",1.09550665866847,0.065649938661493
"Chchd2",3.8841689685846,-8.88262065980128e-06
"Asl",2.43125464126442,-0.971426592028695
"Eif4h",1.22631869460961,-0.0539173249541379
"Cldn3",1.31437384300695,0.0181522556198352
"Mlxipl",1.19687293569551,0.786444292061864
"Por",1.64481280300253,0.764847002960573
"Tmem120a",1.03578368159788,0
"Mdh2",1.95800354512637,-0.00359707282847408
"Polr2j",0.693147180559945,0.031914424049173
"Fis1",2.14348788130871,-0.0991381046744075
"Znhit1",1.34381960192104,0
"Gnb2",1.31437384300695,0.0276371710252008
"Tfr2",2.20528555908297,0.00292279901775885
"Azgp1",3.75873664699682,0.00396959413907136
"Cops6",1.242453324894,-0.0170396299765585
"Lamtor4",2.14292034417508,0.0464357982015691
"Cox19",0.823959216501082,1.17458199471173
"Gpr146",1.17053280678105,0.0205619885499455
"Gna12",1.25265882352406,-0.0405404623107063
"Actb",2.34106561356211,-0.197561441883315
"Rac1",1.26879345380846,0.159090699987252
"Bri3",2.30007250903067,0.000253916092769725
"Arpc1a",1.58902691517397,-0.113524765001703
"Arpc1b",1.29823921272255,-0.0352632488361316
"Bud31",0.621226662447,1.51235837885513
"Atp5j2",3.813362038059,-0.071151754985712
"Cyp3a11",3.76102799320812,1.03182634161918
"Cyp3a25",2.00358393432486,0.099762511231545
"Rpl21",3.96395716543986,0.0486788708051154
"Polr1d",1.93560050545395,-0.00500662929783843
"Pomp",1.83938905022759,0.675587240955575
"Bet1",1.26879345380846,0
"Pon1",2.05375160819039,1.66089496461259
"Pon2",1.242453324894,-0.134517995445125
"Slc25a13",1.03578368159788,0.173806121588228
"Sem1",2.23795716920605,0.00393391944778031
"Ndufa4",4.13220373292374,0.0146777381288546
"Tspan12",1.38036522946556,0
"Aass",1.51710639706103,-0.0309912646519406
"Ndufa5",2.65905999692211,-0.0434046880430373
"Arf5",0.967800252726973,0.0151325379978227
"Snd1",0.794513457586986,0.325714977561221
"Atp6v1f",1.26879345380846,0.589764962259967
"Chchd3",1.3701597308355,-0.0371350794946662
"Cald1",1.497866136777,-0.107295290391138
"1810058I24Rik",1.54344652597548,1.57332241248461
"Fmc1",1.85663726809933,0
"Ndufb2",2.40032519847037,0.000471236106607695
"Mrps33",1.64996762480321,-0.00458914706205906
"Gstk1",2.18145801413189,-0.122603385606878
"Rarres2",3.01533685158752,-0.0174550072778158
"Tmem176b",2.06846173319613,0
"Tmem176a",1.10770419971083,0.070802077744418
"Malsu1",1.2130075659799,-0.0044371801490533
"Cycs",2.88795960961721,-0.193115714515275
"Hnrnpa2b1",2.32840468035742,0.00248197682867431
"Hibadh",1.80600620207146,0.382412764044347
"Tax1bp1",1.09550665866847,0.0498263134700507
"Inmt",2.21540839942166,0.673376181552427
"Pyurf",1.61142995484639,-0.715704623863094
"Serbp1",1.68335047295934,-0.151772901308211
"Fabp1",6.93005255076631,-0.280131441453371
"St3gal5",2.03696678248099,-2.63635103539738
"Tmem150a",1.242453324894,0.0353632618151912
"Rnf181",1.47152600786254,-0.00863698605834655
"Vamp8",1.9752517629981,0.594377019170977
"Retsat",1.99414885232914,0.119162239274355
"Tgoln1",1.34381960192104,0
"Suclg1",2.23659370653543,-0.000144877082774013
"Eva1a",1.70059869083108,-0.0636144587355966
"Aup1",1.26879345380846,-0.0203241683570126
"Wbp1",0.895879734614028,0.553212590488586
"Bola3",2.49511214841806,-0.0428553583511434
"Clec4f",1.66094743328692,-0.093742292047887
"Spr",1.68335047295934,0
"Cct7",0.519860385419959,0.31401683278678
"Nat8f2",2.91812250866039,0.154708941708653
"Nat8f1",2.94462115508356,-0.166073260098717
"Pcyox1",0.549306144334055,0.163362495562775
"Pcbp1",1.51710639706103,0.0687613671980138
"Cnbp",2.26880192449617,-0.0211929530285555
"Rab7",1.03972077083992,0.088330966097182
"Rpn1",1.57289228488958,0
"Sec61a1",1.14108704786696,0.0208916486961423
"Mgll",1.14108704786696,0.21806486460538
"Klf15",1.12495241758257,0
"Aldh1l1",2.52082649477799,0.0871097674522314
"Suclg2",1.78471674998638,0
"Brk1",0.866433975699932,0
"Sec13",1.19687293569551,-0.0633772902396111
"Rpl32",3.52927018564406,0.282942729468641
"Cxcl12",1.68335047295934,0.0965222960756795
"Hnrnpf",1.39960548974959,0
"Adipor2",2.06641254139508,-0.0164631345386078
"Atp6v1e1",1.5819841959323,0
"Slc6a13",1.79175946922805,-0.0452884893565008
"Mug1",3.76522157700641,0.46562055324331
"Mug2",2.33932344623309,-1.55602923794915
"C1rl",1.02358614055553,0
"C1ra",1.82830509677258,0.00170356163707375
"C1s1",1.83029713918487,0.00876267191916064
"Phb2",2.1049502113519,-0.00683369006976376
"Tpi1",2.83535628670196,-0.233062888396058
"Ptms",2.11658021526062,-0.0157538831883128
"Mlf2",1.85663726809933,0.00633085040963275
"Gapdh",4.07198882408822,-0.408257591150603
"Mrpl51",1.65701034404488,0.0472191124547072
"Ndufa9",0.967800252726973,0.00447620189861544
"Fkbp4",1.2718990838081,0
"Pzp",3.6475271712333,0.0443370257899967
"Gabarapl1",1.63777008376085,0.211800310897469
"Smim10l1",0.850299345415539,0
"Hebp1",1.41574012003399,0
"H2afj",1.78471674998638,-0.1608727713218
"Mgst1",5.53322441321124,0.820035158251631
"Slco1b2",1.71673332111547,2.14969608975852
"Slco1a1",1.75837662107192,0.277749563817183
"Gys2",1.51710639706103,-0.457465415392643
"Nlrp12",1.74056086606655,0.0127740259454525
"Ndufa3",2.7346834913956,-0.0433107194327345
"Rps9",2.89185341256357,0.0449266438058514
"Tmem86b",1.38036522946556,0
"Tmem238",1.06916652975401,0.356974005239661
"Rpl28",3.84444115385582,0.0238986701067422
"Ube2s",0.621226662447,1.29861894981924
"Epn1",1.06916652975401,-0.00618135782434827
"Zfp787",1.09550665866847,-0.00014599404045421
"Rps5",2.97454696644022,0
"Slc27a5",2.66391451838638,0.0685553615324001
"Chmp2a",1.42594561866405,0
"Ube2m",1.5819841959323,0.000343883217097146
"Sult2a8",2.34183603019646,0.749910015859002
"Selenow",2.5266070991332,-0.00221538253183315
"Tmem160",0.794513457586986,0.517500165504161
"Ap2s1",1.59923241380404,-0.166516645611186
"Snrpd2",1.2718990838081,0.00649465593255887
"Apoc4",4.80997893495626,0.0908918100715015
"Apoc1",5.78948773813588,0.705978185098268
"Apoe",5.77622519884269,0.73934350607195
"Ethe1",1.48766063814693,-0.73439684809685
"Rps19",2.97138418705183,0.0191136077016963
"Rabac1",0.346573590279973,2.23021108275643
"Bckdha",1.77000662498065,0.114356809505828
"Exosc5",1.14108704786696,-0.00965912162025195
"Cyp2a5",0.447939867307014,5.01151604931407
"Cyp2a12",2.65819344492799,-0.183389203286251
"Cyp2f2",4.1351732894517,-2.62165260822102
"Blvrb",1.71673332111547,1.77923896865273
"Psmc4",1.31437384300695,0.39170013764909
"Rps16",3.70967735183563,0.0466778627755437
"Mrps12",1.48766063814693,0.00434169967019509
"Ech1",2.65263440956627,0.376661343596742
"Eif3k",1.75527099107229,-0.0262406951122147
"Psmd8",1.65701034404488,0.0858357629933038
"2200002D01Rik",0.693147180559945,2.14140651822319
"Spint2",0.823959216501082,0.676882674633309
"Capns1",1.34381960192104,-0.0147124138965066
"Polr2i",1.5819841959323,-0.0018513005181024
"Tyrobp",1.6661022550876,-0.204739792369904
"Prodh2",1.2718990838081,0.0290299895991329
"Psenen",1.02358614055553,-0.00539923889368255
"Cox6b1",3.18574674501463,-0.275714960934966
"Tmem147",2.34183603019646,-0.0941101828814781
"Hamp2",1.03972077083992,0.00143953691878545
"Hamp",3.81514342556245,-0.283956468358645
"Usf2",1.06916652975401,0.000999898918214937
"Lsr",1.6094379124341,-0.000121354896040508
"Fxyd1",2.68128996632109,0
"Hpn",2.27395674629686,0.0414786155995494
"Gpi1",1.33677688267937,-0.0881044728019264
"Cebpa",1.93166341621191,-0.231612705950923
"Pdcd5",1.63919458903951,-0.346868441881271
"1600014C10Rik",1.17053280678105,0
"Etfb",3.10204920740508,0.000398478954780133
"Aspdh",1.62305995875512,0.0177237170725866
"Emc10",1.38235727187786,-0.0403158504062707
"Atf5",1.68335047295934,-0.0257999233220331
"Fcgrt",0.967800252726973,1.41185482012261
"Rps11",3.16424725413556,-0.00687137273377897
"Rpl13a",1.25265882352406,-0.047239398740768
"Ftl1",5.6651112651821,0
"0610005C13Rik",2.45152380163187,-0.00677993300650433
"Dbp",1.70059869083108,-0.000349945684946577
"Rpl18",3.3278456139115,0.0167583949945033
"Kdelr1",0.967800252726973,-1.83796361962901e-05
"Abcc6",0.997246011641069,-0.000392214402848866
"Saa4",2.1049502113519,0.284852841547782
"Saa1",4.43094274343036,-0.742354749047938
"Saa2",3.22217113104368,-1.2828037970183
"Ldha",3.0672336905717,0.16053490058336
"Mcee",1.77251920894402,0.0789559604153681
"Selenos",1.72893086215783,0
"Idh2",1.3540251005511,0.622121056649587
"Cib1",1.52731189569109,-0.0898219997580928
"Furin",1.44208024894844,-0.0799094415866257
"Sec11a",1.48766063814693,0
"Rps17",2.24990483516513,0.238640733265344
"Fah",2.89242094969721,0.354198842676145
"Zfand6",1.47152600786254,0
"Ctsc",1.55564406701784,-1.71062309271965
"Tmem126a",1.64996762480321,-0.232244720260618
"Ndufc2",2.40420124510436,-0.00385393085743328
"Thrsp",3.44147501435274,-0.963281108634917
"Aamdc",1.06916652975401,8.16487599637707e-05
"Dgat2",2.52431087173894,0.211124737206807
"Rps3",3.13922638949632,0.0804733091853447
"Spcs2",2.10184458135226,-0.807345904078702
"Stard10",3.48318335919052,0.0951518725785569
"Lamtor1",1.07937202838408,0.000171413280546148
"Hbb-bs",1.81105687890084,0.000312872641497559
"Hpx",4.84174726165102,-0.851535206063267
"Timm10b",1.29823921272255,-0.0167087879538018
"Taf10",1.84443972705697,0.0349899261121178
"Mrpl17",1.93560050545395,-0.0207551421435997
"Eif3f",1.96963354903509,0
"Rpl27a",3.54377830299359,0
"Eif4g2",1.56584956564791,-0.00736717432254307
"Psma1",1.77767403074471,-0.00525706094323533
"Rps13",3.08845068938863,0.00139301529123899
"Rps15a",3.19967439676814,0.0307030909733484
"Arl6ip1",1.6935559715894,-0.0368021927754724
"Gde1",1.12495241758257,0
"Acsm1",2.13129034026635,0.165267925361348
"Uqcrc2",2.02992406323931,0.0068272082499327
"Ndufab1",2.01521393823358,1.3337363672187e-06
"Tufm",1.51710639706103,0.02666714372737
"Sult1a1",1.99654121508318,0.170481178566629
"Bola2",1.65701034404488,-0.0237472460304506
"Ypel3",1.69948510324373,0.251957414717039
"Aldoa",1.33677688267937,-0.00337878604194388
"Qprt",1.49281545994762,-0.0120431670170237
"Dctpp1",1.31437384300695,0.049019499041539
"Sephs2",3.11910126991171,-0.0132495155109759
"Vkorc1",2.66511356145226,0.0167622910946024
"Acadsb",0.922219863528484,0.0437970434031754
"Oat",1.06916652975401,4.53753692636166
"Glrx3",1.02358614055553,0
"Bnip3",1.90221765729781,-0.0015868006476352
"Fuom",1.42089494183467,-0.212481561611082
"Echs1",2.35797066048085,5.60064314993324e-05
"Cyp2e1",2.83606752473502,1.97393039450325
"Urah",3.80400090962099,-0.326672612631557
"Sirt3",1.69039319220101,-0.0377341167270644
"Ifitm2",2.8244375208263,-0.00864382395257992
"Ifitm3",4.29971817493846,-0.624195960161638
"Rnh1",1.14108704786696,0
"Hras",1.2130075659799,-0.0408909586980194
"Irf7",1.3701597308355,-1.11592187695303
"Taldo1",1.66094743328692,0.00831586656516147
"Slc25a22",0.922219863528484,0
"Rplp2",2.79547956694502,0.107206098162558
"Pnpla2",0.967800252726973,0.927859188004222
"Polr2l",1.47152600786254,-0.808847863700185
"Tspan4",0.967800252726973,0.27256570428574
"Ctsd",2.119092799224,-0.0433274189453526
"Mrpl23",1.54344652597548,0
"Cd81",2.34518950606683,0.15355491364452
"Dhcr7",1.52731189569109,-0.626095871859256
"Iyd",0.895879734614027,-0.0576274330070227
"Sf3b5",0.519860385419959,1.43779690961018
"Perp",1.32457934163701,-0.578452340599183
"Aldh8a1",2.17687072946484,-0.000403433366587086
"Rps12",3.40124429084119,-0.00485752664457955
"Arg1",3.36219631954301,-1.47971031943334
"Smlr1",1.84443972705697,-0.00455332836253693
"Hint3",0.967800252726973,0.276643805885832
"Cd164",1.15129254649702,0.26553923127293
"Snx3",1.52619830810375,0
"Sec63",1.39960548974959,-0.00485304744330708
"Serinc1",1.09550665866847,0.0788981856084001
"Pla2g12b",1.19687293569551,0
"Psap",2.53758690761691,0.135114939089422
"Pcbd1",3.19836480760274,-0.000302868536240371
"Ppa1",2.18145801413189,-0.00979316233533966
"Sar1a",1.12495241758257,-0.178765061109947
"Pbld2",1.52731189569109,-0.158777743102122
"Pbld1",1.4542777899908,-0.00292216182773169
"Cisd1",2.58876814906446,-0.0249297978384321
"Gucd1",1.42089494183467,-0.006363379924337
"Upb1",2.55861115211731,0.0053545806484866
"Snrpd3",1.12495241758257,0.359860259326881
"Ddt",3.28745183088854,0.10232059697362
"Gstt1",1.79691429102874,0.213770947659989
"Mif",2.30987768731899,0.230794726346285
"Chchd10",3.71779078804806,0.330835177086954
"Ftcd",2.47786393054633,-1.04215914957324
"Col18a1",2.43886286842718,-0.0152275538958554
"Pttg1ip",1.82830509677258,0.050751561990748
"D10Jhu81e",1.68335047295934,0.021925408203092
"Agpat3",1.67425856191662,0
"Cstb",1.54344652597548,0
"Cdc34",1.29823921272255,0.546967174322955
"Bsg",2.52455790733216,0.129334141026248
"Tmem259",1.14108704786696,0.00337666944437294
"Gpx4",3.16600092338541,0.0123979664978934
"Atp5d",2.85436781869923,0.0659782194750766
"Ndufs7",1.78471674998638,0
"Gamt",2.570908713165,-0.170173645791593
"Rps15",3.04945971015077,0.0228244000466642
"Reep6",2.77885713162781,-0.261300247706086
"Uqcr11",3.74020071236716,-3.13984179950233e-05
"Oaz1",3.356371408586,0.0542463347956089
"Lsm7",1.54344652597548,-0.00651257856448688
"Timm13",2.4554608908739,0.0995349781046787
"Creb3l3",2.39123328742765,0.00606499333672015
"Map2k2",1.59923241380404,0.00642230477803586
"Eef2",3.12009137021573,0
"Mrpl54",1.48766063814693,0.0689862565269226
"Aes",2.89445348121802,0.00772237095260573
"Txnrd1",1.06916652975401,0
"Hsp90b1",2.77634454766444,-0.069995892295116
"Pah",2.81223997978394,0.449406023558298
"Igf1",3.31571560983611,-0.342313456386057
"Chpt1",1.47152600786254,1.40011332774793
"Arl1",1.40869740079231,-0.0043088304184931
"Nr1h4",1.4542777899908,-0.0173361543457053
"Slc25a3",2.76272250134342,-0.250744942410546
"Hal",2.57361199361035,-4.37409908539437
"Amdhd1",1.77251920894402,-2.3907719622508
"Ndufa12",1.91242315592788,-0.00407653465080355
"Mrpl42",1.80196496785812,0
"Nudt4",1.57289228488958,-0.000448044481196511
"4732465J04Rik",1.02358614055553,0.105095646816876
"Dcn",1.17053280678105,0.561154020011659
"Cct2",0.967800252726973,-0.00111328234699781
"Lyz2",1.71983895111511,-0.0462702878822111
"Tmbim4",1.29823921272255,0
"Llph",1.242453324894,-0.056226071847972
"Tspan31",1.95096082588469,-0.00450923789739482
"Os9",1.25265882352406,0.00124388001187066
"Dctn2",1.35291151296376,0.0403149236732111
"Inhbc",0.794513457586986,0.0495020959185555
"Shmt2",1.44518587894808,0
"Lrp1",2.12678571389068,-0.000252893100716657
"Rdh16f2",1.98434367404082,-1.10701937878886
"Rdh7",3.0459874321106,0.145710983490246
"Hsd17b6",2.11276334722792,-2.26387849031777
"Naca",3.05261574845787,0
"Atp5b",3.33449365801573,0.000714092780982427
"Gls2",2.36740574247657,-2.41227259731045
"Apon",2.38354037276096,0
"Apof",3.43734268886493,-0.0535990908583327
"Cnpy2",1.68335047295934,0.151214157271873
"Cs",0.997246011641069,0.0679145430539923
"Myl6",2.6711614026047,0
"Rpl41",3.98006722690698,0.0200408723196041
"Rps26",3.26720267260131,0.138042813788019
"Ormdl2",1.41574012003399,-0.087788233014368
"Mettl7b",2.68502137887526,0.175138171473069
"Pet100",0.274653072167027,0.416507843332307
"Clec4g",0.895879734614027,0.00620167125851778
"Naxd",0.922219863528484,0.0176075372796496
"F7",1.19687293569551,0.123873577767974
"F10",2.23659370653543,0
"Proz",1.95800354512637,0
"Lamp1",2.59199400027344,0.059100410155148
"Slc25a15",1.62756458513079,-0.0524142441711719
"Vdac3",1.64481280300253,-0.119649186110751
"Tm2d2",0.519860385419959,0.903143025870891
"Eif4ebp1",1.51006367781935,0
"Saraf",0.978005751357036,0.216209714041303
"Fgl1",2.32458781232472,0.102906937569181
"Klkb1",1.4542777899908,0
"Cyp4v3",2.19411894733658,-0.00082397874503623
"Acsl1",3.32112055672019,0.0275328790121057
"Hpgd",0.794513457586986,1.69785041006112
"Aadat",1.09550665866847,0.715786478930463
"Msmo1",1.65701034404488,0.000671444265624625
"Ndufa13",3.11024666311082,-0.00126210041865645
"Cope",1.59923241380404,0
"Rex1bd",1.59923241380404,-0.0680083380328653
"Uba52",1.64996762480321,-0.143895152328532
"Kxd1",1.25265882352406,-0.054510200621822
"Fkbp8",1.89002011625546,0
"Rpl18a",3.35277422422297,0.112199764104489
"Use1",1.06916652975401,0.00586654339712734
"Nr2f6",1.63777008376085,-0.0254293443776974
"Babam1",0.447939867307014,0.659047297920657
"Mrpl34",1.4542777899908,0.00173293466290274
"Bst2",3.1626896166979,-0.037080060862401
"Mvb12a",1.02358614055553,-0.0480114868247348
"Pgls",1.99654121508318,0.00110496428188768
"Fam32a",1.47152600786254,-0.111498391314372
"Smim7",1.06212381051234,0
"Lsm6",1.81809959814251,0
"Ndufb7",1.94329342012063,-0.0165435493366093
"Tecr",1.19687293569551,0.133065089905768
"D8Ertd738e",2.26603946544953,0.034674828359284
"Gadd45gip1",1.06916652975401,0.0038109111497178
"Calr",2.75190862417568,0
"Gcdh",2.22045907625104,0.310520512581369
"Prdx2",2.17687072946484,-0.0870364568244155
"Trir",1.64481280300253,0.000930142157456918
"Wdr83os",1.3701597308355,0
"Gpt2",1.89002011625546,0
"Dnaja2",1.51006367781935,-0.143643266899892
"Lonp2",2.07099982606213,0.0104687311451546
"Ces1c",3.28753354358742,0.914841479154725
"Ces1d",1.34381960192104,0.355825468623821
"Ces1f",1.64481280300253,0.0636046518306992
"Ces1g",0.967800252726973,0.00937206829798868
"Amfr",1.4542777899908,0.000671025677166851
"Mt1",3.3599204797461,-0.288024582889203
"Herpud1",1.89517493805614,0.00113323827412783
"Coq9",1.32457934163701,-0.0340594758167902
"Got2",2.21366623209263,0.00224501287950722
"Ces2a",1.95800354512637,0.349759595257829
"Ces2c",0.519860385419959,5.94616977064967
"Ces2e",1.55564406701784,0.52716226511888
"Ces3a",3.73123066289094,0.490878543688353
"Ces3b",2.81881930686328,-0.0178326002234103
"Tmem208",1.09550665866847,0.312755650136533
"Atp6v0d1",1.17053280678105,0
"Lcat",2.05936982215341,-0.0333544315425598
"Cyb5b",1.47152600786254,0.110567940872375
"Hp",4.70033682346453,-0.604624978877962
"Tat",2.19619364804025,-0.335080576131609
"Aars",0.850299345415539,1.23307995476339
"Ldhd",1.3701597308355,0.136749001973121
"Gabarapl2",1.4542777899908,0.00718902405684427
"Nudt7",3.42728738549322,0.149044678702331
"Gcsh",1.3701597308355,0.128094238054331
"Hsd17b2",2.24428662120212,-0.0244879498534847
"Hsbp1",2.03302969323895,0
"Mlycd",1.43814315970641,0.00964673018493603
"Osgin1",2.51357961055968,-0.00127876304049879
"Cox4i1",3.98952573491186,-0.000317220587254866
"Map1lc3b",1.41574012003399,0.36736192864879
"Aprt",1.55365202460555,0
"Rpl13",4.13313210726219,0.00975807958748416
"Tcf25",1.09550665866847,0
"Agt",2.62776921118361,-0.0465704594193477
"Tomm20",0.895879734614027,0.109449183650403
"Itgb1",0.895879734614027,0.404443231009864
"Pdhb",2.01267584536757,-0.0625216554361799
"Acox2",1.242453324894,0.473014795984056
"Thoc7",1.31437384300695,-0.00718150635763641
"Rpl15",3.11240172162303,0.057044986336143
"Rtraf",1.95800354512637,-0.0297866880624632
"Mrps16",1.64481280300253,-0.0237549506322532
"Chchd1",0.967800252726973,0.0944899266272702
"Adk",2.59684852173771,0.00834771248213464
"Vdac2",1.242453324894,0.0681703731892467
"Rps24",3.98215842553319,0.0019582448525242
"Arf4",1.06916652975401,0.0972700996619403
"Selenok",2.02083215219659,0
"Itih4",3.4188119975743,-0.319679132756336
"Itih3",2.80830289054191,-0.0179130273145401
"Itih1",2.39123328742765,-0.132430048568032
"Spcs1",2.05936982215341,-0.240395180666538
"Nisch",0.722592939474041,0.155906092320099
"Hacl1",1.57289228488958,-0.000416344954833652
"Dph3",1.34381960192104,-0.370529139645083
"Glud1",2.66016290462821,0.444331185437842
"Fam25c",1.47152600786254,0.339724688394815
"Ghitm",2.08319736710449,0.194138875077889
"Mat1a",3.34169378704408,0
"Mbl1",1.8232544199432,0.643281304043287
"Psmc6",0.621226662447,0.806630885058916
"Gnpnat1",1.15129254649702,0.0144653870068989
"Cnih1",0.693147180559945,0.0801686308827281
"Gch1",2.01267584536757,0.492286572510903
"Pnp",0.922219863528484,1.17479222926155
"Rnase4",2.92695853431741,1.29179151405269
"Ang",2.58641756089486,0.975548391601712
"Ndrg2",3.37497519474437,0
"Dad1",2.15312584280514,-0.0226540080707375
"Mrpl52",2.46504060694944,-0.00205280311648628
"Psmb5",1.31437384300695,0.13827227311399
"Dhrs4",2.19365555517425,0.00197760719084781
"Dcaf11",1.93947655208794,0.0164407884372964
"Psme1",1.55365202460555,0.123987265642877
"Psme2",1.06916652975401,0.225577548770363
"Nedd8",2.14602597417472,0
"Dhrs1",1.06916652975401,0.386694914104854
"Cideb",1.75527099107229,0.115475835953232
"Gjb2",1.58902691517397,0
"Mrpl57",1.66159762871193,0.273081658464377
"Ebpl",2.21484086228802,-0.0457301768550895
"Ctsb",2.72335010607022,-0.00144109085459795
"Fdft1",1.57289228488958,0
"Msra",1.69039319220101,0.0497132199354581
"Clu",3.66344393658016,0.0273006286747817
"Gulo",0.895879734614027,3.091111980051
"Ephx2",3.21847550452646,-0.0191943231978093
"Bmp1",1.06916652975401,0.0573042197230161
"Itm2b",3.24991330585285,0.732958320309909
"Sucla2",1.31437384300695,0.124982444302975
"Esd",2.15834373642641,0
"Cpb2",2.45611108629892,0.0720449368813409
"Tpt1",3.79466196298505,0
"Tsc22d1",0.693147180559945,3.5253460167216
"Dnajc15",1.94075532725463,-0.0463448239616993
"Vwa8",0.748933068388498,0.906896887282277
"Dnajc3",1.4542777899908,0
"Tm9sf2",1.09550665866847,0.000217391775870734
"Pcca",0.866433975699932,0.0787877367784245
"Cwc15",1.02358614055553,0.211770082036086
"4931406C07Rik",0.519860385419959,0.765327375732019
"Ubl5",2.24428662120212,0
"Eif3g",0.967800252726973,0
"Angptl8",1.59923241380404,0
"Tmem205",3.05682151048234,0.800631165808209
"Prkcsh",0.794513457586986,0.516013773029153
"Elof1",0.794513457586986,-0.00429494773339364
"Acp5",1.19687293569551,0.201576850139011
"Pigyl",1.25265882352406,-0.022234703277484
"Acad8",0.794513457586986,-0.00193177414567608
"Aplp2",1.26879345380846,0.099723547887624
"Srpr",1.07937202838408,-0.00646156516946545
"Ei24",1.64481280300253,-0.00403299740549621
"Hspa8",3.0017148052665,0
"Sc5d",2.59274701289094,-0.118567214898512
"Oaf",2.61537551477614,-0.00881801699697318
"Hmbs",1.29823921272255,0.036991436060647
"Slc37a4",1.92967137379962,-0.00626388702196141
"Rps25",2.39650833043767,0.00936773217405338
"Ttc36",3.64546125031019,0.000852592152477379
"Atp5l",3.45495730477707,-0.0172162436653139
"Apoa1",5.87790096731923,-0.160405022811505
"Apoc3",5.71522708850458,-1.00282213920676
"Apoa4",2.12889797751232,-0.831350895820587
"Apoa5",3.84870106621044,-0.432084911462855
"Rexo2",1.84754535705661,-0.0106221690556244
"Nnmt",2.19927376913726,-0.418093122526756
"Sdhd",1.98964422595347,3.03673488683381e-06
"Timm8b",1.71673332111547,0.453127884017542
"Fdx1",1.61142995484639,0.411949545185645
"Rdx",0.794513457586986,0.182446318012469
"Acat1",1.61536704408843,0.877093913486962
"Wdr61",0.95166562244258,0.0130776129540097
"Psma4",1.69039319220101,0.171689969443853
"Etfa",1.93560050545395,0.157675442182843
"Imp3",1.39960548974959,0.257085775113464
"Commd4",0.922219863528484,-0.0409125113903297
"Cox5a",3.29118324344271,-0.0679139447851656
"Cyp1a2",1.59923241380404,2.22745345347692
"Rplp1",3.61963904975686,0.169644783127468
"2300009A05Rik",0.967800252726973,0.597246371718858
"Rpl4",3.0637157024249,0.0398597326269064
"Rab11a",1.42594561866405,-0.143152597648609
"Hacd3",0.519860385419959,1.83783545629659
"Clpx",0.997246011641069,0
"Ppib",2.4593369375079,-0.00353694886414842
"Rps27l",2.97876291795322,7.62355405895152e-06
"Lipc",1.68335047295934,0
"Aqp9",1.12495241758257,1.49889735140655
"Arpp19",2.22356470625068,0.0527241114691274
"Gclc",1.55365202460555,-0.0021922450945555
"Elovl5",1.86883480914168,-0.143526722194063
"Fbxo9",0.934417404570842,0.0972036007485196
"Eef1a1",4.68759492339193,-0.0148199664875362
"Cox7a2",3.77817784397255,-0.540162326771535
"Tmem30a",0.677012550275553,0.0116621564114195
"Bckdhb",1.19687293569551,0.0853564315135876
"Me1",1.14108704786696,0.410662045212421
"Ctsh",2.22045907625104,0
"Morf4l1",1.26879345380846,0.0327084374590192
"Paqr9",1.97413817541076,0.0875262821912498
"Rnf7",1.06916652975401,0.515664775106895
"Pccb",1.64481280300253,-0.00012076686439208
"Anapc13",1.79175946922805,-0.00102670720394567
"Trf",5.28553907014601,-0.557341648512874
"1300017J02Rik",2.22045907625104,0
"Acad11",1.32457934163701,0.108776341247206
"Glyctk",1.41574012003399,-0.00156759563271377
"Rpl29",2.84444819774468,-0.00145669502378215
"Abhd14b",1.68335047295934,0.0475940274667714
"Manf",2.1049502113519,0.00290498754832518
"Slc38a3",3.3748572527477,0
"Mst1",1.3701597308355,0.00144412268374872
"Rhoa",1.15129254649702,-0.00137327718054403
"Gpx1",5.55442153846681,0
"Uqcrc1",2.38037370015328,-0.0459841882091118
"Tma7",1.96504626436804,0.0153040262764841
"Cmtm6",1.32457934163701,0.00153323640343987
"Cmtm8",1.57289228488958,-0.251588764398439
"Acaa1b",3.56903635930148,1.03451045698338
"Acaa1a",1.97929299721144,0.074677413390044
"Rpsa",3.6088281380746,0
"Rpl14",3.08184237512159,0.102829000159551
"Ctnnb1",1.2718990838081,0
"Ss18l2",1.90221765729781,0
"Higd1a",2.61214966356717,0.0274663272422799
"Cyp8b1",2.23541907634004,0.786891260809996
"Tcn2",1.40869740079231,-0.0925673507081562
"Sec14l2",2.13129034026635,0.0461864220930518
"Uqcr10",3.53347507175868,-0.181595536912107
"Nipsnap1",1.67425856191662,0.0142164904555967
"Xbp1",1.242453324894,0.00265523648514534
"Mrps24",1.72188814291615,0.696095816886877
"Ogdh",1.69948510324373,-0.254672480107818
"Ppia",3.75160257018059,0.00737458179127455
"H2afv",1.47152600786254,0.0563714276243207
"Ddc",0.997246011641069,0
"Sec61g",3.02786355660106,-0.140449168108674
"Egfr",2.08319736710449,0
"C1d",1.29823921272255,0
"Rab1a",0.621226662447,0.544560894348072
"Ugp2",1.54344652597548,0.0501579977857389
"Mdh1",3.34593178538456,-0.177152255531409
"Commd1",0.850299345415539,-0.00861727864048378
"Cct4",1.6661022550876,-0.30597394872305
"Rps27a",4.10063286499851,0.0338282769033061
"Npm1",1.65701034404488,-0.842913432884074
"Pttg1",1.17962471782377,0.000372645630043735
"Timd2",1.06916652975401,-0.00778640431960669
"Rack1",2.6144580825539,-0.00136214036566664
"Rnf130",1.47152600786254,-0.281879644907996
"Sqstm1",1.81105687890084,0.454176052356859
"Canx",2.03696678248099,-0.0420815230772689
"Hnrnpab",1.43814315970641,0
"Nhp2",1.09550665866847,0.0157864562577543
"Sar1b",1.88608302701342,-0.0161734316183389
"Ube2b",1.26879345380846,0
"Ppp2ca",1.14108704786696,-0.00149568344324795
"Skp1a",1.90221765729781,-0.0844336445739929
"Vdac1",1.28099099485081,0.0382544859527658
"9530068E07Rik",1.12495241758257,0
"Leap2",2.58381749224042,-0.00731275354960602
"Uqcrq",4.08459678475098,0.146461127236239
"Hint1",3.45234495080849,0.027568653764579
"Gm2a",1.15129254649702,-0.0340987204922866
"Atox1",2.98435214472854,0.0415915514406035
"Rnf187",1.06916652975401,-0.0024546429488844
"Guk1",1.51006367781935,0
"Arf1",1.69948510324373,0.00352293820325029
"Pemt",2.64940855835729,-0.000764941637853972
"Shmt1",1.51710639706103,0.231982842972329
"Aldh3a2",0.519860385419959,3.11084095347257
"Ubb",3.2762534347673,0.293364289737362
"Rpl26",2.93022869212819,0.0147148559116955
"Trappc1",1.42594561866405,0
"Naa38",1.52619830810375,0
"Eif4a1",2.3484153572758,-0.154712548953074
"Tmem256",2.12889797751232,0.0395565105804916
"Eif5a",2.62281855435956,0.00307686949464065
"Gabarap",2.51893969336915,0.0182206973488444
"Acadvl",2.09275267030954,0.0660900625907618
"Asgr1",3.07231605910423,0.0181906309976745
"Asgr2",1.47152600786254,-0.0821905521759966
"Psmb6",2.19688140638323,-0.00601216611486768
"Slc25a11",1.19687293569551,0.00544776019296787
"Pfn1",1.06916652975401,0.120333098307375
"C1qbp",1.61536704408843,-2.58975173373725e-05
"Derl2",1.29823921272255,-0.000197500836000087
"Txndc17",2.02992406323931,-0.0498638083300417
"Emc6",2.09228927814721,-0.00100556652656169
"Cluh",1.41574012003399,0.0662140013173295
"Serpinf1",2.09275267030954,0.00206854730164408
"Serpinf2",3.28329615400898,-0.109854006229837
"Tlcd2",1.3540251005511,0.390378868095744
"Ywhae",0.748933068388498,0.00307125146811193
"Pipox",1.86883480914168,-0.0405309908971079
"Rpl23a",2.05375160819039,0.000815114164414994
"Vtn",3.77576726959949,0
"Poldip2",1.07937202838408,0
"Ift20",1.81809959814251,-0.000607005318534657
"Tmem97",0.997246011641069,0.949788360094429
"Lgals9",3.07352088071322,-0.109161169455429
"Ccl9",1.52619830810375,-1.52768475245527
"Wfdc17",1.9619406343684,-0.0128063190108568
"Wfdc21",4.7988671387068,-0.903890027097334
"Vmp1",1.28099099485081,0
"Cltc",1.54344652597548,0.0771114164052466
"Supt4a",0.794513457586986,0.489042215079329
"Dynll2",0.823959216501082,0.0996971440368386
"Mmd",1.19687293569551,0.351205243295602
"Nme1",2.35587859806323,-0.000878923452633464
"Mrpl27",1.07937202838408,1.0992241103009
"Slc35b1",1.20707843432558,0
"Atp5g1",3.01443810885805,-0.189516544032372
"Pnpo",1.29823921272255,0.00559627856131462
"Psmb3",1.69039319220101,0.00491641081860881
"Rpl23",3.9830330676921,0
"Rpl19",3.2274459574984,0.00227334152846822
"Mien1",1.64996762480321,3.55045633775996e-06
"Grb7",0.967800252726973,0.679337619008977
"Igfbp4",3.15678879113335,0.101230439656553
"Eif1",3.58536491087301,0
"Acly",1.863679987341,-1.58348767446335
"Coasy",1.41574012003399,-0.000964391614732565
"Coa3",2.0499347401577,-0.113084343565984
"Rpl27",2.14807516597576,-0.0110137058969547
"Nbr1",1.497866136777,-0.62699741839788
"Slc25a39",2.92381175544105,-0.00098098304473167
"Grn",1.65501830163259,-0.185670476179873
"Ddx5",2.19411894733658,0
"Apoh",3.59950974451296,0.296920318738252
"Prkar1a",0.997246011641069,0.0539174729008438
"Rpl38",3.3091728907611,0
"Slc9a3r1",1.64996762480321,0
"Atp5h",2.67171025024556,0
"Sumo2",1.10770419971083,0.00223360906660464
"Mrps7",1.65701034404488,0.0199939423076474
"H3f3b",2.36566357514754,-0.000657993284773042
"Wbp2",1.19687293569551,0
"Acox1",3.51009355725597,0.245860591851374
"Syngr2",0.794513457586986,1.57506996207273
"Lgals3bp",0.575646273248511,0.190685803723113
"Ndufaf8",1.41574012003399,-0.100278887397386
"Actg1",1.47152600786254,0.291264336096561
"Mrpl12",2.570908713165,0
"Slc25a10",1.77909853602337,-0.25994740181362
"Gm11789",1.41574012003399,-0.0457968130199149
"Gcgr",2.38741641939495,0.115027863194438
"P4hb",2.81488221762125,-0.080780389867078
"Pcyt2",2.73025859712075,0.0217220168283492
"Cenpx",0.748933068388498,0.706605673064064
"Dcxr",1.32457934163701,0.0209148211439949
"Fasn",2.14292034417508,-0.279175750348471
"Gdi2",1.61142995484639,0.228678289844397
"Akr1c14",1.63777008376085,0.278448338439729
"Akr1c19",1.3701597308355,-0.434209859834007
"Akr1c6",3.22560367924666,1.3129614388274
"Akr1c20",1.65701034404488,0.000150559833158133
"Idi1",1.42594561866405,0.00628458464412873
"Lgals8",1.26879345380846,0
"Psma2",1.48766063814693,0.0709856412656097
"Hist1h2bc",2.91958878852349,-0.0137564326891599
"Slc17a2",1.14108704786696,0.00265255566587711
"Acot13",1.61847267408807,-0.00360772008912891
"Gpld1",1.02358614055553,0
"Uqcrfs1",2.80379826416624,-0.0343950116987721
"Bphl",1.86883480914168,0.24893250555197
"Eci2",1.69948510324373,0.523237161815406
"Nrn1",0.794513457586986,1.95670461930637
"Tmem14c",2.09275267030954,-0.000272707541359219
"Elovl2",1.88608302701342,-0.0512018300528118
"Adtrp",1.69039319220101,0.00300805977380369
"Nol7",1.23541060565233,0
"Ninj1",2.09275267030954,0.0126549726783615
"Higd2a",1.61847267408807,0
"Prelid1",2.53513350225483,0
"Lman2",1.54344652597548,0.0746172803739337
"F12",2.20631648837894,0
"Tmed9",1.31437384300695,0
"Txndc15",1.12495241758257,0
"Pcbd2",1.06916652975401,0.0148474385575867
"Lect2",0.895879734614027,2.30809955006223
"Hnrnpk",1.73408568395851,-0.254625631285918
"Fbp1",3.4928241178741,-0.388870176114729
"Habp4",0.967800252726973,0.0702996912961094
"Ctsl",3.00475497859008,0
"Uqcrb",3.36076365086576,-0.0236798628170749
"Srd5a1",1.29823921272255,0.0244099027883253
"Ndufs6",2.81810806883023,-0.04373759132659
"Mrpl36",1.03972077083992,0.0815488256332143
"Clptm1l",1.242453324894,-0.000182427273031405
"Pdcd6",1.52731189569109,-0.0190052336792317
"Sdha",2.00358393432486,0.00745768375852879
"Ftl1-ps1",1.12495241758257,-0.00605312965740071
"Glrx",0.693147180559945,1.33805128042647
"Cox7c",4.12042705843293,-0.0300782151377644
"Tmem167",1.95096082588469,-0.248426971403111
"Rps23",2.82084033646327,-0.0382716876434779
"Acot12",0.866433975699932,0.475293200734448
"Bhmt",4.04389483630555,-0.136443547547742
"Bhmt2",1.2130075659799,-0.0216683678394036
"Dmgdh",1.92967137379962,-0.00174787315547542
"Tbca",2.23026425453936,-0.0534443651861422
"Nsa2",0.967800252726973,0.153152846927464
"Btf3",2.27373238011621,-0.0879646327156425
"Mrps36",1.41574012003399,-0.0611382843834726
"Ndufs4",1.64481280300253,0
"Mocs2",1.54344652597548,0.164677686301681
"Hmgcs1",1.95800354512637,-0.00657656169633724
"Apob",3.56607774488973,-0.222561532362516
"Sdc1",2.06846173319613,-0.093508626251462
"Laptm4a",0.922219863528484,0.269398159525871
"Pdia6",2.10953749601895,0
"Iah1",1.8232544199432,0.0261034293067482
"Ywhaq",0.794513457586986,0.37118421596246
"Id2",1.74056086606655,-0.476874017479001
"Rps7",3.56086035269703,0
"Adi1",1.79175946922806,0.00606083507766629
"Acp1",1.26879345380846,0
"Dld",1.12495241758257,-0.0231918965009923
"Immp2l",0.621226662447,0.41051069137207
"Sptssa",1.242453324894,0.00655687743276026
"Psma6",1.25265882352406,1.5417152460119
"Mia2",1.19687293569551,0
"Rps29",2.68960866354231,-0.00335485352892653
"Rpl36al",2.4593369375079,0
"Pygl",1.94891163408365,0
"Psma3",1.51710639706103,0.239608267588871
"Timm9",1.32457934163701,-0.00121655416879325
"Mthfd1",0.677012550275553,0.623804005241965
"Vti1b",1.3701597308355,-0.69203020648268
"Srsf5",1.71673332111547,-0.0261152943712812
"Slc10a1",2.89242094969721,0.00480079487039733
"Entpd5",0.95166562244258,0.10274678471924
"Aldh6a1",1.863679987341,0.0505340167486266
"Npc2",1.32457934163701,0
"Isca2",1.242453324894,-0.236579435395897
"Dlst",1.29823921272255,0
"Tmed10",2.00358393432486,-0.225030063594485
"Erg28",1.48766063814693,0
"Gstz1",2.65645127759896,0.0421737830474949
"Slirp",1.19687293569551,-0.116663551360105
"Psmc1",1.15129254649702,0
"Calm1",1.242453324894,-0.109005471198539
"Lgmn",1.32457934163701,-0.00576970814392764
"Ifi27",2.03696678248099,-0.00796321965389549
"Ifi27l2a",1.242453324894,-0.0128918238897321
"Serpina10",1.4542777899908,0.0138397405917779
"Serpina6",0.447939867307014,3.25334434693715
"Serpina1b",5.8460004174641,-1.0744496256129
"Serpina1d",4.9714725635534,-0.865875367321429
"Serpina1a",5.70021101092387,-0.724374120350892
"Serpina1c",6.34163410409483,-0.851189558819516
"Serpina1e",6.52496423012039,-0.491907613355035
"Serpina11",1.41574012003399,0
"Serpina12",2.76899242244267,-1.18394109894922
"Serpina3k",6.11862444880698,0.0555673233671967
"Serpina3m",1.242453324894,-0.0079396908474089
"Serpina3n",2.16467318842248,-0.373187512540779
"Glrx5",2.44841817163223,-0.00694321794181821
"Slc25a47",3.55363877456738,-0.459698330972559
"Hsp90aa1",1.4542777899908,0.00186128402919197
"Eif5",1.32457934163701,0.0564437825935886
"2010107E04Rik",3.61194811568824,-0.150538905159035
"Aspg",2.05375160819039,-2.46169982668324
"Crip2",1.16349008753938,0
"Selenop",5.09325170954284,-0.928059656168932
"Ghr",1.72893086215783,0.417984144805456
"C6",1.41574012003399,0.885618675649142
"Rpl37",3.63375674838607,0.0274944182689545
"C9",3.04508868938114,-1.51587868979462
"Lifr",0.922219863528484,1.22424452434268
"Ugt3a1",1.02358614055553,0.103548338944666
"Ugt3a2",1.92967137379962,0.334262743435434
"Agxt2",1.55958115625988,0.00105097645986933
"Amacr",1.64481280300253,0.13570629187205
"Tars",1.03972077083992,0.118981428775515
"Sub1",1.54344652597548,-0.0283010897165154
"Dap",2.17512856213582,0
"Cmbl",2.01267584536757,0.0468707047206904
"Cct5",1.09550665866847,0.0121754548263058
"Sdc2",0.978005751357036,0.212625461973026
"Rpl30",3.47367283895968,-0.000113396377326592
"Rida",3.76384309441272,-0.859693263032417
"Cox6c",4.22587709528409,-0.485091714927469
"Polr2k",1.62305995875512,-0.0747987544169822
"Pabpc1",1.51006367781935,-0.0423902051989925
"Zfp706",1.3540251005511,0.09869210336394
"Dpys",1.26879345380846,0.115798133154234
"Eny2",1.66094743328692,0
"Eif3h",1.44208024894844,0.696728612352046
"Mrpl13",1.25265882352406,0
"Derl1",1.55365202460555,0.011435560052434
"Ndufb9",3.37489840162443,-0.00143587225950372
"Ly6e",2.83401723690183,-1.40093691863143
"Eef1d",1.55564406701784,0.0302305796611842
"Grina",1.72893086215783,0.501090659634247
"Oplah",0.621226662447,0.190033771112572
"Cyc1",2.50280506308475,-0.02105797972695
"Vps28",1.42594561866405,-0.369430424100946
"Cyhr1",1.29823921272255,-0.0667136770507657
"Gpt",1.85663726809933,-0.0485900837883296
"Rpl8",3.46401672930165,0.0488785429711606
"Apol9a",0.722592939474041,0.242436248692942
"Apol9b",1.83938905022759,-0.301739818513352
"Txn2",2.40143878605771,-0.0208721895196326
"Tst",1.98183109007745,0.684832749894889
"Tmprss6",1.79175946922805,0.640933752823065
"H1f0",1.92462069697024,-0.127677029129442
"Gcat",0.346573590279973,0.261495963296551
"Eif3l",1.06916652975401,0
"Polr2f",0.895879734614027,0
"Tomm22",1.74617908002957,-0.218249277232946
"Rpl3",2.51512282533645,0
"St13",1.42594561866405,0.0394501448408124
"Rbx1",1.83029713918487,0.0329687795893467
"Phf5a",1.26879345380846,0.0362872711530429
"Aco2",1.19687293569551,-0.000837515240540349
"Smdt1",2.5434549966632,0.0061924927876304
"Ndufa6",3.30330683092736,0.0936204607591598
"Cyp2d22",1.34381960192104,0.372755186170618
"Cyp2d10",2.80830289054191,0.320052286031362
"Cyp2d9",3.19090156681532,0.742855637976149
"Cyp2d40",1.74617908002957,0.262327484161747
"Cyp2d26",2.6126130557295,0.0332231319348609
"Cyb5r3",2.4593369375079,7.42366427879184e-05
"Tspo",1.64481280300253,0.0378593167154634
"Creld2",0.967800252726973,0.22613765012689
"Trabd",1.17053280678105,0.0204034268806091
"Plxnb2",1.25265882352406,-0.00130021680049438
"Zcrb1",1.242453324894,-0.0015995547838073
"Slc38a4",2.46702985217458,-0.03991649100255
"Fkbp11",1.02358614055553,0
"Tuba1c",1.3701597308355,0.0357562830185896
"Tmbim6",1.863679987341,0.457391044394531
"Gpd1",1.92855778621227,0.12511396601664
"Cox14",1.09550665866847,0.0390172427274283
"Mettl7a1",1.3540251005511,0.0750552356020925
"Dazap2",1.02358614055553,0.197562594608721
"Cela1",0.967800252726973,0.0803534628469631
"Krt8",1.3701597308355,0.15854157363718
"Krt18",2.05936982215341,0
"Eif4b",0.823959216501082,0.00759870689396536
"Csad",0.621226662447,2.45623715331478
"Pfdn5",2.07661804002515,-0.00593265602323544
"Pcbp2",1.26879345380846,-0.221871088119962
"Atp5g2",2.81611602641793,0.00457480685179041
"Copz1",1.38629436111989,-0.0156753756615451
"Naa60",0.895879734614027,-0.0198673306583329
"Trap1",1.02358614055553,0.0946394009923859
"Pam16",1.44208024894844,0
"Dnaja3",1.14108704786696,0.00380929380071254
"Hmox2",0.748933068388498,0.0983665290411693
"Abat",1.17053280678105,0.00764860833087258
"Carhsp1",1.6955480140017,0.219228246364886
"Litaf",1.242453324894,-0.00496294531790432
"Ube2l3",0.794513457586986,0.0468483388126298
"Serpind1",2.26914509544916,0.360860014570826
"Slc25a1",2.00358393432486,-0.138072587612744
"Dgcr6",0.967800252726973,0.147224793090162
"Prodh",1.242453324894,0.662217546284384
"Comt",3.17819846442777,0.424843677188171
"Ap2m1",1.88369066425938,0
"Psmd2",1.14108704786696,0.0218097874954052
"Eif4g1",1.10770419971083,0.215364899072152
"Ehhadh",1.06916652975401,1.01742424549948
"Dnajb11",0.967800252726973,0.0436382667569767
"Ahsg",5.90992888226443,-0.615138288955404
"Fetub",1.89002011625546,0.00218714987419709
"Hrg",2.63262373264788,0.174753922638507
"Kng2",1.68335047295934,0
"Kng1",3.53205056648002,0.000271324660181968
"Eif4a2",1.67425856191662,0
"B630019A10Rik",1.14108704786696,-0.182175562765329
"Masp1",0.850299345415539,0.0138736046338374
"Lppos",0.934417404570842,0.0885701798716007
"Il1rap",1.32457934163701,0
"Cpn2",1.3701597308355,0.0245978171518497
"Bdh1",1.85663726809933,0.296460082549732
"0610012G03Rik",1.68335047295934,0.00247336987420789
"Rpl35a",3.65476338893665,0.188120730070426
"Hacd2",1.65501830163259,-0.609074455680579
"Fam162a",1.6935559715894,0
"Ccdc58",1.19687293569551,-0.228754013288774
"Hgd",2.57923020757337,0.027980005327034
"Ndufb4",2.52455790733216,0
"Cox17",1.83938905022759,-0.0179911182660854
"Atg3",1.51006367781935,-0.0497090426484551
"Cd47",0.794513457586986,0.195855273610911
"Rpl24",3.56374618632504,0.0406488055242206
"Nit2",1.76231371031396,0.00420274111077477
"Atp5j",3.20201450745803,0.00409743825046579
"Cct8",0,0.435477222650437
"Sod1",2.48878269642199,0.000870880279715949
"Mrap",1.02358614055553,0.00171619549274144
"Atp5o.1",2.45611108629892,0
"Cbr1",1.497866136777,-0.00772096541113032
"Hmgn1",1.38629436111989,-0.0170637811245743
"Gtf2h5",1.47152600786254,0.0174840796732987
"Mpc1",2.49787460746471,0.0544049787023932
"Plg",3.39304107483314,0
"Slc22a1",1.52619830810375,1.79146978211562
"Mrpl18",1.10770419971083,0.00620741268200674
"Tcp1",1.51006367781935,0.000465489573475201
"Acat3",2.24428662120212,-1.03406886752915
"Sod2",2.6021994989035,-0.0950089351130282
"Psmb1",2.36107629048049,0.0327479886688801
"Hcfc1r1",1.59418173697466,0.144173430572947
"Elob",2.55508500057192,0.324919098627107
"Eci1",1.90221765729781,0.32003728861566
"Gfer",1.54344652597548,0
"Rps2",3.97631476251732,0.0603435068974403
"Ndufb10",2.43228354134784,-0.032152721413301
"Msrb1",2.85015186718623,-1.84913068262389e-05
"Hagh",2.59025183294442,0
"Fahd1",0.850299345415539,-0.000858156663362684
"Igfals",1.242453324894,0.0012196872722983
"Mrps34",1.68335047295934,-0.00388563210328581
"BC003965",0.519860385419959,0.455087775525276
"Stub1",0.621226662447,0.00378488319979279
"Mcrip2",0.997246011641069,0.141218163598069
"Mettl26",2.10572062798625,0.00328060434107571
"Decr2",1.4817315064926,0.025701863344524
"Mrpl28",1.69039319220101,7.75428346375255e-05
"Atp6v0e",1.59923241380404,0.209378008179951
"Cuta",1.42594561866405,0.00213753292808952
"Uqcc2",1.65701034404488,0.120846367168457
"Rps10",3.54176710800088,-0.000212063395119335
"D17Wsu92e",0.850299345415539,0.0574297160936016
"Rpl10a",3.32816327596187,0.00676651840811591
"Glo1",2.80780305257442,-0.0455213252429
"Ndufv3",2.80746816522553,-0.00703519524242074
"Cbs",2.14853855813809,0
"U2af1",0.997246011641069,0
"Pglyrp2",1.43814315970641,-0.00698574564885079
"Cyp4f15",1.3701597308355,0.000205537635122867
"Cyp4f14",1.19687293569551,0.0790381725154588
"March2",0.794513457586986,0.259424654064516
"Angptl4",0.173286795139986,0.249915173669151
"Rps28",2.36036302323489,2.20260008048229e-05
"Ndufa7",2.41124396434603,0.00434361222135332
"Pfdn6",1.3701597308355,0
"Rps18",3.01103544459599,0.199824212931359
"H2-K1",3.38671162283706,0.219876803286296
"H2-Ke6",1.19687293569551,0.15855880164367
"Rnf5",1.242453324894,0
"C4b",3.34092706866194,-2.70780347376186e-05
"Cfb",1.02358614055553,0.288087575759857
"C2",1.3701597308355,0.0124754251520377
"Csnk2b",1.47152600786254,0.0752308519750874
"Apom",3.23340531320186,0.0081582729321971
"H2-D1",2.74308192071764,-0.328109338925116
"H2-Q7",1.06916652975401,-0.00156838520990667
"H2-Q10",4.8591612089571,-0.677915527293119
"Tubb5",1.19687293569551,0.0233003166107779
"H2-T23",1.71673332111547,-0.0855878347074116
"Gm42418",2.21794649228766,0
"Mut",0.967800252726973,0
"Hsp90ab1",2.31411507689743,0.0442795687977316
"Slc29a1",1.28099099485081,0.00992232699563775
"Mrpl14",1.69039319220101,0.347057419477084
"Mrps18a",1.44208024894844,-0.000279351747361111
"Mea1",1.54344652597548,-0.351612910593245
"Gnmt",4.34720892898394,-0.258824480245496
"2310039H08Rik",1.61142995484639,0.0103725973878717
"Mrps10",1.09550665866847,-0.00515119486945192
"Lrg1",3.12092609553211,-0.0346316705575492
"Mydgf",1.59923241380404,-0.00107197360908537
"2410015M20Rik",2.51893969336915,-0.00478249754881196
"Rpl36",3.51125524939017,0.0267642935249788
"Lonp1",1.39960548974959,0
"Ndufa11",2.02992406323931,0.0539997800022517
"Clpp",1.09550665866847,-0.0408758058803418
"Slc25a23",0.967800252726973,0.737280088212734
"C3",4.44294739452756,-0.0929324813335175
"Vapa",1.47152600786254,0
"Ndufv2",2.02083215219659,0.0040111425038539
"Myl12b",1.10770419971083,0.00311739299667885
"Myl12a",1.09550665866847,-0.00465330640189495
"Lpin2",1.06916652975401,0.0901530160358446
"Cebpzos",1.06916652975401,0.0180481769985298
"Prkd3",1.38629436111989,0
"Cox7a2l",2.10184458135226,-0.411665142832748
"Haao",2.31620713931506,0.0469038019423037
"Mcfd2",1.73913636078789,9.75194607490876e-05
"Calm2",1.54344652597548,-0.0560639052110825
"Snrpd1",0.95166562244258,-0.0409305081265641
"Ttc39c",1.74617908002957,0.0726666274964863
"Ttr",6.28909237805667,-0.02935062623299
"Lims2",1.39960548974959,-0.226186465803861
"Proc",2.3958205720947,0.915806357143297
"Hspa9",2.56452008256763,-0.211542815696415
"Paip2",0.922219863528484,0.434507370561473
"Sra1",0.967800252726973,0.148856017000727
"Ndufa2",2.90262644832727,-0.000131616764966824
"Cdo1",2.50562856473944,1.04126085371316
"Hsd17b4",2.14853855813809,0.0476621087156956
"Aldh7a1",2.06330691139544,0.0125809247321162
"Iigp1",1.94329342012063,0
"Rps14",2.97138418705183,0.00334599874184235
"Cd74",1.242453324894,-0.444621252186915
"Txnl1",1.55365202460555,0.00386162751964433
"Fech",1.06916652975401,0.300114358696781
"Nars",0.895879734614027,0
"Sec11c",0.80471895621705,0.105113820199804
"Lman1",1.25265882352406,0.0145845492242151
"Acaa2",3.18651716164899,0.368659150417194
"Rpl17",2.77351777993576,0.000274038751910054
"BC031181",1.72893086215783,0.000205152685606163
"Atp5a1",3.24560285424422,-0.00731125783309105
"Pqlc1",1.28099099485081,0.0108623149470836
"Cyb5a",4.11192131413002,0.901566235489355
"Cpt1a",1.91946587516955,-0.13159523554163
"Ndufs8",1.41574012003399,-0.00239459482109208
"Acy3",1.242453324894,0.00333137274503564
"Ndufv1",1.77251920894402,0
"Gstp1",3.64786707611231,-1.2314285291094
"Cdk2ap2",1.29823921272255,0.123228481465491
"Ppp1ca",1.41574012003399,0
"Pcx",2.31549590128201,-0.092027554173065
"Ccs",2.32641263794513,0.458048908986189
"Rab1b",1.06916652975401,0.00973026862394678
"Banf1",1.02358614055553,0.039926431696457
"Cfl1",1.85663726809933,0.000603614192822658
"Rnaseh2c",1.22631869460961,0.31001915790578
"Neat1",1.3701597308355,0.0163414702241546
"Fau",4.3488682950544,-0.00134912471873942
"Tm7sf2",0.274653072167027,0.611673690128172
"Prdx5",2.62219277180503,0.016668425025751
"Trmt112",1.65501830163259,-5.28797348786161e-05
"Ppp1r14b",0.748933068388498,0.0327982596340285
"Fkbp2",1.97413817541076,0.20279171530437
"Cox8a",3.67510118399133,0
"Rtn3",0.722592939474041,0.012315106580609
"Slc22a30",1.64481280300253,0.443827367351812
"Nxf1",1.242453324894,0.0479845895341858
"Ubxn1",1.63777008376085,-0.0233445034886479
"Uqcc3",1.34381960192104,0.0038052643649142
"Ganab",0.447939867307014,0.312146359169517
"Eef1g",1.34381960192104,0.227642886689904
"Fth1",5.32125477870542,-2.91562949570553e-07
"Fads1",2.11552580627457,-0.0423580132997996
"Tmem258",1.8342342284269,0
"Tkfc",2.23265661729339,-0.139517799919841
"Ddb1",1.71673332111547,-7.7038677202553e-06
"AW112010",2.08570995106786,0.145311865645198
"Gm4952",1.06916652975401,0.00649853003472455
"Glyat",2.52145227733252,-0.0187144047097384
"Keg1",1.51006367781935,-0.00332954301907177
"Aldh1a1",2.4337080466265,1.47630153849928
"Aldh1a7",1.28099099485081,-0.0211000967869502
"Ak3",1.47152600786254,0.114312497346848
"Rcl1",2.37256056427725,-0.0017513486886208
"Gldc",1.75076636469662,-2.40932299543045
"Mbl2",2.47934761442628,-0.0435536666175651
"Lipa",1.29823921272255,-0.0416895936046431
"Pank1",1.32457934163701,0.0139543433659747
"March5",1.51710639706103,-0.0493767317955939
"Rbp4",5.42756017532975,0.722220908790434
"Cyp2c29",0.967800252726973,2.52324464757896
"Cyp2c67",0.621226662447,1.95957539437345
"Cyp2c68",1.51710639706103,0.857854632491884
"Cyp2c40",0.967800252726973,3.00833941033171
"Cyp2c50",1.17053280678105,2.28124858073804
"Cyp2c70",2.40594341243338,0.262695778451349
"Tm9sf3",1.42594561866405,0.00524235450090247
"Pgam1",2.10184458135226,-0.444972596550579
"Hoga1",1.61536704408843,-0.00594767037087158
"Avpi1",1.5819841959323,-0.0451952040191951
"Got1",2.11700073680637,-1.95176024286705
"Abcc2",0.748933068388498,1.29568543671089
"Cpn1",1.70059869083108,0.170301208215725
"Cyp2c23",1.73913636078789,0.00674057115157309
"Scd1",3.67145148413604,-0.00271093330173963
"Ndufb8",2.33795998356247,0.0281720160496054
"Sema4g",1.242453324894,0.0126773008627319
"Mrpl43",1.52731189569109,0.0448056159281195
"Elovl3",0.794513457586986,1.64668319511835
"Wbp1l",0.693147180559945,0.357403923774232
"Usmg5",3.4394571194058,-0.0178657021937864
"Gsto1",1.48766063814693,-0.0521943132356682
"Acsl5",0.967800252726973,0.00807029854670417
"Habp2",1.06916652975401,0.287603636966205
"Prdx3",0.997246011641069,0.0875744745592045
"mt-Nd1",2.37016820152321,0.0217804233082824
"mt-Nd2",2.98932588664425,0.0246221201878252
"mt-Co1",4.26388467178501,0
"mt-Co2",2.94892010477136,0
"mt-Atp6",3.65427936167993,0.00810368574600281
"mt-Co3",4.24615550607244,0.0376010198783934
"mt-Nd3",1.06916652975401,0.18034839786709
"mt-Nd4",2.94080428705086,0.100945654586109
"mt-Cytb",4.28044979231164,-0.287649696106554
